<?xml version="1.0" encoding="UTF-8"?>
<project-private xmlns="http://www.netbeans.org/ns/project-private/1">
    <editor-bookmarks xmlns="http://www.netbeans.org/ns/editor-bookmarks/2" lastBookmarkId="0"/>
    <open-files xmlns="http://www.netbeans.org/ns/projectui-open-files/2">
        <group>
            <file>file:/C:/Users/ASUS/Documents/NetBeansProjects/Laundry%20Application/src/Controller/ControllerLogin.java</file>
            <file>file:/C:/Users/ASUS/Documents/NetBeansProjects/Laundry%20Application/src/Controller/ControllerMenuKaryawan.java</file>
            <file>file:/C:/Users/ASUS/Documents/NetBeansProjects/Laundry%20Application/src/View/MenuKaryawan.java</file>
            <file>file:/C:/Users/ASUS/Documents/NetBeansProjects/Laundry%20Application/src/View/MenuLogin.java</file>
            <file>file:/C:/Users/ASUS/Documents/NetBeansProjects/Laundry%20Application/src/Controller/Driver.java</file>
            <file>file:/C:/Users/ASUS/Documents/NetBeansProjects/Laundry%20Application/src/View/MenuAdmin.java</file>
            <file>file:/C:/Users/ASUS/Documents/NetBeansProjects/Laundry%20Application/src/View/MenuRegister.java</file>
        </group>
    </open-files>
</project-private>
